"TagId";"EntityId";"CreationDate"
524;120;"2020-11-12 17:09:07"
525;120;"2020-11-12 17:09:07"
526;120;"2020-11-12 17:09:07"
527;120;"2020-11-12 17:09:07"
528;120;"2020-11-12 17:09:07"
529;120;"2020-11-12 17:09:07"
530;120;"2020-11-12 17:09:07"
531;120;"2020-11-12 17:09:07"
532;120;"2020-11-12 17:09:07"
534;120;"2020-11-12 17:09:07"
533;120;"2020-11-12 17:09:07"
535;120;"2020-11-12 17:09:07"
536;120;"2020-11-12 17:09:07"
537;120;"2020-11-12 17:09:07"
541;120;"2020-11-12 17:09:07"
538;120;"2020-11-12 17:09:07"
539;120;"2020-11-12 17:09:07"
540;120;"2020-11-12 17:09:07"
542;120;"2020-11-12 17:09:07"
544;120;"2020-11-12 17:09:07"
545;120;"2020-11-12 17:09:07"
543;120;"2020-11-12 17:09:07"
626;238;"2021-09-08 12:49:24"
625;238;"2021-09-08 12:49:24"
620;238;"2021-09-08 12:49:24"
621;238;"2021-09-08 12:49:24"
581;238;"2021-09-08 12:49:24"
596;238;"2021-09-08 12:49:24"
599;238;"2021-09-08 12:49:24"
587;238;"2021-09-08 12:49:24"
523;238;"2021-09-08 12:49:24"
541;238;"2021-09-08 12:49:24"
538;238;"2021-09-08 12:49:24"
480;238;"2021-09-08 12:49:24"
495;238;"2021-09-08 12:49:24"
502;238;"2021-09-08 12:49:24"
505;238;"2021-09-08 12:49:24"
626;234;"2021-09-08 12:51:00"
581;234;"2021-09-08 12:51:00"
624;204;"2021-09-08 12:51:07"
626;204;"2021-09-08 12:51:07"
596;204;"2021-09-08 12:51:07"
599;204;"2021-09-08 12:51:07"
587;204;"2021-09-08 12:51:07"
626;187;"2021-09-08 12:51:12"
581;187;"2021-09-08 12:51:12"
596;187;"2021-09-08 12:51:12"
599;187;"2021-09-08 12:51:12"
587;187;"2021-09-08 12:51:12"
589;187;"2021-09-08 12:51:12"
604;187;"2021-09-08 12:51:12"
605;187;"2021-09-08 12:51:12"
612;187;"2021-09-08 12:51:12"
633;187;"2021-09-08 12:51:12"
639;187;"2021-09-08 12:51:12"
629;187;"2021-09-08 12:51:12"
628;187;"2021-09-08 12:51:12"
468;187;"2021-09-08 12:51:12"
476;187;"2021-09-08 12:51:12"
480;187;"2021-09-08 12:51:12"
516;187;"2021-09-08 12:51:12"
626;188;"2021-09-08 12:51:16"
625;188;"2021-09-08 12:51:16"
581;188;"2021-09-08 12:51:16"
596;188;"2021-09-08 12:51:16"
476;188;"2021-09-08 12:51:16"
523;188;"2021-09-08 12:51:16"
626;145;"2021-09-08 12:51:20"
587;145;"2021-09-08 12:51:20"
590;145;"2021-09-08 12:51:20"
588;145;"2021-09-08 12:51:20"
589;145;"2021-09-08 12:51:21"
593;145;"2021-09-08 12:51:21"
604;145;"2021-09-08 12:51:21"
607;145;"2021-09-08 12:51:21"
605;145;"2021-09-08 12:51:21"
612;145;"2021-09-08 12:51:21"
614;145;"2021-09-08 12:51:21"
572;145;"2021-09-08 12:51:21"
573;145;"2021-09-08 12:51:21"
574;145;"2021-09-08 12:51:21"
633;145;"2021-09-08 12:51:21"
628;145;"2021-09-08 12:51:21"
467;145;"2021-09-08 12:51:21"
465;145;"2021-09-08 12:51:21"
464;145;"2021-09-08 12:51:21"
468;145;"2021-09-08 12:51:21"
475;145;"2021-09-08 12:51:21"
476;145;"2021-09-08 12:51:21"
523;145;"2021-09-08 12:51:21"
525;145;"2021-09-08 12:51:21"
527;145;"2021-09-08 12:51:21"
532;145;"2021-09-08 12:51:21"
541;145;"2021-09-08 12:51:21"
538;145;"2021-09-08 12:51:21"
546;145;"2021-09-08 12:51:21"
547;145;"2021-09-08 12:51:21"
555;145;"2021-09-08 12:51:21"
480;145;"2021-09-08 12:51:21"
490;145;"2021-09-08 12:51:21"
495;145;"2021-09-08 12:51:21"
626;176;"2021-09-08 12:51:25"
625;176;"2021-09-08 12:51:25"
581;176;"2021-09-08 12:51:25"
587;176;"2021-09-08 12:51:25"
590;176;"2021-09-08 12:51:25"
588;176;"2021-09-08 12:51:25"
589;176;"2021-09-08 12:51:26"
594;176;"2021-09-08 12:51:26"
593;176;"2021-09-08 12:51:26"
604;176;"2021-09-08 12:51:26"
605;176;"2021-09-08 12:51:26"
610;176;"2021-09-08 12:51:26"
612;176;"2021-09-08 12:51:26"
613;176;"2021-09-08 12:51:26"
614;176;"2021-09-08 12:51:26"
640;176;"2021-09-08 12:51:26"
628;176;"2021-09-08 12:51:26"
465;176;"2021-09-08 12:51:26"
468;176;"2021-09-08 12:51:26"
477;176;"2021-09-08 12:51:26"
546;176;"2021-09-08 12:51:26"
555;176;"2021-09-08 12:51:26"
556;176;"2021-09-08 12:51:26"
480;176;"2021-09-08 12:51:26"
483;176;"2021-09-08 12:51:26"
490;176;"2021-09-08 12:51:26"
626;209;"2021-09-08 12:51:31"
625;209;"2021-09-08 12:51:31"
623;209;"2021-09-08 12:51:31"
581;209;"2021-09-08 12:51:31"
583;209;"2021-09-08 12:51:31"
596;209;"2021-09-08 12:51:31"
599;209;"2021-09-08 12:51:31"
587;209;"2021-09-08 12:51:31"
589;209;"2021-09-08 12:51:31"
594;209;"2021-09-08 12:51:31"
593;209;"2021-09-08 12:51:31"
604;209;"2021-09-08 12:51:31"
606;209;"2021-09-08 12:51:31"
616;209;"2021-09-08 12:51:31"
609;209;"2021-09-08 12:51:31"
605;209;"2021-09-08 12:51:31"
612;209;"2021-09-08 12:51:31"
614;209;"2021-09-08 12:51:31"
615;209;"2021-09-08 12:51:31"
572;209;"2021-09-08 12:51:32"
573;209;"2021-09-08 12:51:32"
574;209;"2021-09-08 12:51:32"
575;209;"2021-09-08 12:51:32"
576;209;"2021-09-08 12:51:32"
577;209;"2021-09-08 12:51:32"
578;209;"2021-09-08 12:51:32"
467;209;"2021-09-08 12:51:32"
478;209;"2021-09-08 12:51:32"
465;209;"2021-09-08 12:51:32"
464;209;"2021-09-08 12:51:32"
466;209;"2021-09-08 12:51:32"
477;209;"2021-09-08 12:51:32"
476;209;"2021-09-08 12:51:32"
523;209;"2021-09-08 12:51:32"
527;209;"2021-09-08 12:51:32"
530;209;"2021-09-08 12:51:32"
531;209;"2021-09-08 12:51:32"
534;209;"2021-09-08 12:51:32"
533;209;"2021-09-08 12:51:32"
537;209;"2021-09-08 12:51:32"
541;209;"2021-09-08 12:51:32"
538;209;"2021-09-08 12:51:32"
540;209;"2021-09-08 12:51:32"
544;209;"2021-09-08 12:51:32"
545;209;"2021-09-08 12:51:32"
546;209;"2021-09-08 12:51:32"
547;209;"2021-09-08 12:51:32"
548;209;"2021-09-08 12:51:32"
550;209;"2021-09-08 12:51:32"
551;209;"2021-09-08 12:51:32"
552;209;"2021-09-08 12:51:32"
553;209;"2021-09-08 12:51:32"
555;209;"2021-09-08 12:51:32"
556;209;"2021-09-08 12:51:32"
480;209;"2021-09-08 12:51:32"
488;209;"2021-09-08 12:51:32"
489;209;"2021-09-08 12:51:32"
490;209;"2021-09-08 12:51:32"
492;209;"2021-09-08 12:51:32"
495;209;"2021-09-08 12:51:32"
500;209;"2021-09-08 12:51:32"
501;209;"2021-09-08 12:51:32"
505;209;"2021-09-08 12:51:32"
511;209;"2021-09-08 12:51:32"
512;209;"2021-09-08 12:51:32"
513;209;"2021-09-08 12:51:33"
517;209;"2021-09-08 12:51:33"
518;209;"2021-09-08 12:51:33"
519;209;"2021-09-08 12:51:33"
521;209;"2021-09-08 12:51:33"
522;209;"2021-09-08 12:51:33"
626;210;"2021-09-08 12:51:56"
625;210;"2021-09-08 12:51:56"
596;210;"2021-09-08 12:51:56"
597;210;"2021-09-08 12:51:56"
587;210;"2021-09-08 12:51:56"
626;226;"2021-09-08 12:52:01"
581;226;"2021-09-08 12:52:01"
596;226;"2021-09-08 12:52:01"
587;226;"2021-09-08 12:52:01"
591;226;"2021-09-08 12:52:01"
592;226;"2021-09-08 12:52:01"
588;226;"2021-09-08 12:52:01"
604;226;"2021-09-08 12:52:01"
612;226;"2021-09-08 12:52:01"
614;226;"2021-09-08 12:52:01"
572;226;"2021-09-08 12:52:01"
573;226;"2021-09-08 12:52:01"
574;226;"2021-09-08 12:52:01"
579;226;"2021-09-08 12:52:01"
580;226;"2021-09-08 12:52:01"
468;226;"2021-09-08 12:52:01"
463;226;"2021-09-08 12:52:01"
523;226;"2021-09-08 12:52:01"
540;226;"2021-09-08 12:52:01"
480;226;"2021-09-08 12:52:01"
495;226;"2021-09-08 12:52:01"
626;212;"2021-09-08 12:52:04"
581;212;"2021-09-08 12:52:04"
596;212;"2021-09-08 12:52:04"
598;212;"2021-09-08 12:52:04"
599;212;"2021-09-08 12:52:04"
601;212;"2021-09-08 12:52:04"
602;212;"2021-09-08 12:52:04"
587;212;"2021-09-08 12:52:04"
590;212;"2021-09-08 12:52:04"
588;212;"2021-09-08 12:52:04"
589;212;"2021-09-08 12:52:04"
594;212;"2021-09-08 12:52:04"
604;212;"2021-09-08 12:52:04"
606;212;"2021-09-08 12:52:04"
607;212;"2021-09-08 12:52:04"
609;212;"2021-09-08 12:52:04"
612;212;"2021-09-08 12:52:04"
613;212;"2021-09-08 12:52:04"
465;212;"2021-09-08 12:52:04"
469;212;"2021-09-08 12:52:04"
472;212;"2021-09-08 12:52:04"
468;212;"2021-09-08 12:52:04"
466;212;"2021-09-08 12:52:04"
523;212;"2021-09-08 12:52:04"
543;212;"2021-09-08 12:52:05"
546;212;"2021-09-08 12:52:05"
547;212;"2021-09-08 12:52:05"
552;212;"2021-09-08 12:52:05"
480;212;"2021-09-08 12:52:05"
517;212;"2021-09-08 12:52:05"
522;212;"2021-09-08 12:52:05"
626;154;"2021-09-08 12:52:06"
581;154;"2021-09-08 12:52:06"
596;154;"2021-09-08 12:52:06"
598;154;"2021-09-08 12:52:06"
599;154;"2021-09-08 12:52:06"
601;154;"2021-09-08 12:52:06"
587;154;"2021-09-08 12:52:06"
595;154;"2021-09-08 12:52:06"
590;154;"2021-09-08 12:52:07"
592;154;"2021-09-08 12:52:07"
559;154;"2021-09-08 12:52:07"
560;154;"2021-09-08 12:52:07"
570;154;"2021-09-08 12:52:07"
604;154;"2021-09-08 12:52:07"
606;154;"2021-09-08 12:52:07"
607;154;"2021-09-08 12:52:07"
572;154;"2021-09-08 12:52:07"
575;154;"2021-09-08 12:52:07"
576;154;"2021-09-08 12:52:07"
578;154;"2021-09-08 12:52:07"
579;154;"2021-09-08 12:52:07"
465;154;"2021-09-08 12:52:07"
464;154;"2021-09-08 12:52:07"
468;154;"2021-09-08 12:52:07"
466;154;"2021-09-08 12:52:07"
523;154;"2021-09-08 12:52:07"
525;154;"2021-09-08 12:52:07"
541;154;"2021-09-08 12:52:07"
538;154;"2021-09-08 12:52:07"
540;154;"2021-09-08 12:52:07"
546;154;"2021-09-08 12:52:07"
547;154;"2021-09-08 12:52:07"
555;154;"2021-09-08 12:52:07"
480;154;"2021-09-08 12:52:07"
626;236;"2021-09-08 12:52:09"
620;236;"2021-09-08 12:52:09"
622;236;"2021-09-08 12:52:09"
621;236;"2021-09-08 12:52:09"
618;236;"2021-09-08 12:52:09"
596;236;"2021-09-08 12:52:09"
598;236;"2021-09-08 12:52:09"
599;236;"2021-09-08 12:52:09"
601;236;"2021-09-08 12:52:09"
602;236;"2021-09-08 12:52:09"
603;236;"2021-09-08 12:52:09"
587;236;"2021-09-08 12:52:09"
594;236;"2021-09-08 12:52:09"
593;236;"2021-09-08 12:52:09"
559;236;"2021-09-08 12:52:09"
561;236;"2021-09-08 12:52:09"
563;236;"2021-09-08 12:52:09"
567;236;"2021-09-08 12:52:09"
570;236;"2021-09-08 12:52:09"
604;236;"2021-09-08 12:52:09"
606;236;"2021-09-08 12:52:09"
607;236;"2021-09-08 12:52:09"
616;236;"2021-09-08 12:52:09"
608;236;"2021-09-08 12:52:09"
609;236;"2021-09-08 12:52:10"
605;236;"2021-09-08 12:52:10"
610;236;"2021-09-08 12:52:10"
611;236;"2021-09-08 12:52:10"
612;236;"2021-09-08 12:52:10"
613;236;"2021-09-08 12:52:10"
614;236;"2021-09-08 12:52:10"
615;236;"2021-09-08 12:52:10"
572;236;"2021-09-08 12:52:10"
573;236;"2021-09-08 12:52:10"
576;236;"2021-09-08 12:52:10"
578;236;"2021-09-08 12:52:10"
636;236;"2021-09-08 12:52:10"
635;236;"2021-09-08 12:52:10"
638;236;"2021-09-08 12:52:10"
633;236;"2021-09-08 12:52:10"
639;236;"2021-09-08 12:52:10"
637;236;"2021-09-08 12:52:10"
629;236;"2021-09-08 12:52:10"
631;236;"2021-09-08 12:52:10"
630;236;"2021-09-08 12:52:10"
640;236;"2021-09-08 12:52:10"
632;236;"2021-09-08 12:52:10"
634;236;"2021-09-08 12:52:10"
628;236;"2021-09-08 12:52:10"
465;236;"2021-09-08 12:52:10"
468;236;"2021-09-08 12:52:10"
477;236;"2021-09-08 12:52:10"
475;236;"2021-09-08 12:52:10"
476;236;"2021-09-08 12:52:10"
523;236;"2021-09-08 12:52:10"
546;236;"2021-09-08 12:52:10"
480;236;"2021-09-08 12:52:10"
626;219;"2021-09-08 12:52:14"
587;219;"2021-09-08 12:52:14"
589;219;"2021-09-08 12:52:14"
464;219;"2021-09-08 12:52:14"
480;219;"2021-09-08 12:52:14"
505;219;"2021-09-08 12:52:14"
626;217;"2021-09-08 12:52:16"
625;217;"2021-09-08 12:52:16"
581;217;"2021-09-08 12:52:16"
596;217;"2021-09-08 12:52:16"
599;217;"2021-09-08 12:52:16"
587;217;"2021-09-08 12:52:16"
592;217;"2021-09-08 12:52:16"
588;217;"2021-09-08 12:52:16"
594;217;"2021-09-08 12:52:16"
593;217;"2021-09-08 12:52:16"
604;217;"2021-09-08 12:52:16"
606;217;"2021-09-08 12:52:16"
607;217;"2021-09-08 12:52:16"
605;217;"2021-09-08 12:52:16"
612;217;"2021-09-08 12:52:16"
572;217;"2021-09-08 12:52:16"
579;217;"2021-09-08 12:52:16"
629;217;"2021-09-08 12:52:16"
628;217;"2021-09-08 12:52:16"
465;217;"2021-09-08 12:52:16"
468;217;"2021-09-08 12:52:16"
463;217;"2021-09-08 12:52:16"
619;186;"2021-09-08 12:52:18"
581;186;"2021-09-08 12:52:18"
596;186;"2021-09-08 12:52:18"
587;186;"2021-09-08 12:52:18"
591;186;"2021-09-08 12:52:18"
590;186;"2021-09-08 12:52:18"
592;186;"2021-09-08 12:52:18"
588;186;"2021-09-08 12:52:18"
589;186;"2021-09-08 12:52:18"
594;186;"2021-09-08 12:52:18"
593;186;"2021-09-08 12:52:18"
604;186;"2021-09-08 12:52:18"
606;186;"2021-09-08 12:52:18"
607;186;"2021-09-08 12:52:18"
608;186;"2021-09-08 12:52:18"
609;186;"2021-09-08 12:52:18"
605;186;"2021-09-08 12:52:19"
612;186;"2021-09-08 12:52:19"
614;186;"2021-09-08 12:52:19"
572;186;"2021-09-08 12:52:19"
573;186;"2021-09-08 12:52:19"
574;186;"2021-09-08 12:52:19"
636;186;"2021-09-08 12:52:19"
635;186;"2021-09-08 12:52:19"
638;186;"2021-09-08 12:52:19"
633;186;"2021-09-08 12:52:19"
639;186;"2021-09-08 12:52:19"
628;186;"2021-09-08 12:52:19"
463;186;"2021-09-08 12:52:19"
477;186;"2021-09-08 12:52:19"
475;186;"2021-09-08 12:52:19"
523;186;"2021-09-08 12:52:19"
540;186;"2021-09-08 12:52:19"
480;186;"2021-09-08 12:52:19"
500;186;"2021-09-08 12:52:19"
505;186;"2021-09-08 12:52:19"
626;149;"2021-09-08 12:52:22"
581;149;"2021-09-08 12:52:22"
596;149;"2021-09-08 12:52:22"
599;149;"2021-09-08 12:52:22"
587;149;"2021-09-08 12:52:22"
588;149;"2021-09-08 12:52:22"
594;149;"2021-09-08 12:52:22"
593;149;"2021-09-08 12:52:22"
604;149;"2021-09-08 12:52:22"
607;149;"2021-09-08 12:52:22"
609;149;"2021-09-08 12:52:22"
605;149;"2021-09-08 12:52:22"
612;149;"2021-09-08 12:52:22"
613;149;"2021-09-08 12:52:22"
614;149;"2021-09-08 12:52:22"
572;149;"2021-09-08 12:52:22"
574;149;"2021-09-08 12:52:22"
635;149;"2021-09-08 12:52:22"
633;149;"2021-09-08 12:52:22"
629;149;"2021-09-08 12:52:22"
630;149;"2021-09-08 12:52:22"
640;149;"2021-09-08 12:52:22"
628;149;"2021-09-08 12:52:22"
463;149;"2021-09-08 12:52:22"
523;149;"2021-09-08 12:52:22"
540;149;"2021-09-08 12:52:22"
626;207;"2021-09-08 12:52:24"
625;207;"2021-09-08 12:52:24"
623;207;"2021-09-08 12:52:24"
581;207;"2021-09-08 12:52:24"
596;207;"2021-09-08 12:52:24"
599;207;"2021-09-08 12:52:24"
600;207;"2021-09-08 12:52:24"
587;207;"2021-09-08 12:52:24"
588;207;"2021-09-08 12:52:24"
589;207;"2021-09-08 12:52:24"
594;207;"2021-09-08 12:52:24"
604;207;"2021-09-08 12:52:24"
469;207;"2021-09-08 12:52:24"
626;218;"2021-09-08 12:52:27"
625;218;"2021-09-08 12:52:27"
596;218;"2021-09-08 12:52:27"
597;218;"2021-09-08 12:52:27"
598;218;"2021-09-08 12:52:27"
599;218;"2021-09-08 12:52:27"
628;218;"2021-09-08 12:52:27"
465;218;"2021-09-08 12:52:27"
470;218;"2021-09-08 12:52:27"
523;218;"2021-09-08 12:52:27"
534;218;"2021-09-08 12:52:27"
624;190;"2021-09-08 12:53:46"
626;190;"2021-09-08 12:53:47"
625;190;"2021-09-08 12:53:47"
620;190;"2021-09-08 12:53:47"
621;190;"2021-09-08 12:53:47"
623;190;"2021-09-08 12:53:47"
581;190;"2021-09-08 12:53:47"
583;190;"2021-09-08 12:53:47"
596;190;"2021-09-08 12:53:47"
597;190;"2021-09-08 12:53:47"
598;190;"2021-09-08 12:53:47"
599;190;"2021-09-08 12:53:47"
600;190;"2021-09-08 12:53:47"
601;190;"2021-09-08 12:53:47"
602;190;"2021-09-08 12:53:47"
603;190;"2021-09-08 12:53:47"
587;190;"2021-09-08 12:53:47"
591;190;"2021-09-08 12:53:47"
595;190;"2021-09-08 12:53:47"
590;190;"2021-09-08 12:53:47"
592;190;"2021-09-08 12:53:47"
588;190;"2021-09-08 12:53:47"
589;190;"2021-09-08 12:53:47"
594;190;"2021-09-08 12:53:47"
593;190;"2021-09-08 12:53:47"
559;190;"2021-09-08 12:53:47"
560;190;"2021-09-08 12:53:47"
571;190;"2021-09-08 12:53:47"
564;190;"2021-09-08 12:53:47"
565;190;"2021-09-08 12:53:47"
566;190;"2021-09-08 12:53:47"
570;190;"2021-09-08 12:53:47"
604;190;"2021-09-08 12:53:47"
606;190;"2021-09-08 12:53:47"
607;190;"2021-09-08 12:53:47"
616;190;"2021-09-08 12:53:47"
608;190;"2021-09-08 12:53:47"
609;190;"2021-09-08 12:53:47"
605;190;"2021-09-08 12:53:47"
610;190;"2021-09-08 12:53:47"
611;190;"2021-09-08 12:53:47"
612;190;"2021-09-08 12:53:47"
613;190;"2021-09-08 12:53:47"
614;190;"2021-09-08 12:53:47"
615;190;"2021-09-08 12:53:47"
572;190;"2021-09-08 12:53:47"
573;190;"2021-09-08 12:53:47"
574;190;"2021-09-08 12:53:47"
575;190;"2021-09-08 12:53:47"
576;190;"2021-09-08 12:53:47"
577;190;"2021-09-08 12:53:47"
578;190;"2021-09-08 12:53:47"
579;190;"2021-09-08 12:53:47"
580;190;"2021-09-08 12:53:47"
467;190;"2021-09-08 12:53:47"
478;190;"2021-09-08 12:53:47"
473;190;"2021-09-08 12:53:47"
465;190;"2021-09-08 12:53:47"
471;190;"2021-09-08 12:53:47"
474;190;"2021-09-08 12:53:47"
464;190;"2021-09-08 12:53:47"
463;190;"2021-09-08 12:53:47"
466;190;"2021-09-08 12:53:47"
477;190;"2021-09-08 12:53:48"
475;190;"2021-09-08 12:53:48"
476;190;"2021-09-08 12:53:48"
523;190;"2021-09-08 12:53:48"
546;190;"2021-09-08 12:53:48"
480;190;"2021-09-08 12:53:48"
625;216;"2021-09-08 12:53:49"
620;216;"2021-09-08 12:53:49"
622;216;"2021-09-08 12:53:49"
621;216;"2021-09-08 12:53:49"
618;216;"2021-09-08 12:53:49"
581;216;"2021-09-08 12:53:49"
596;216;"2021-09-08 12:53:49"
587;216;"2021-09-08 12:53:49"
559;216;"2021-09-08 12:53:49"
604;216;"2021-09-08 12:53:49"
572;216;"2021-09-08 12:53:49"
480;216;"2021-09-08 12:53:49"
624;223;"2021-09-08 12:53:51"
626;223;"2021-09-08 12:53:51"
625;223;"2021-09-08 12:53:51"
621;223;"2021-09-08 12:53:51"
619;223;"2021-09-08 12:53:51"
623;223;"2021-09-08 12:53:51"
596;223;"2021-09-08 12:53:51"
599;223;"2021-09-08 12:53:51"
587;223;"2021-09-08 12:53:51"
591;223;"2021-09-08 12:53:51"
590;223;"2021-09-08 12:53:51"
559;223;"2021-09-08 12:53:51"
560;223;"2021-09-08 12:53:51"
604;223;"2021-09-08 12:53:51"
606;223;"2021-09-08 12:53:51"
607;223;"2021-09-08 12:53:51"
616;223;"2021-09-08 12:53:51"
608;223;"2021-09-08 12:53:51"
609;223;"2021-09-08 12:53:51"
605;223;"2021-09-08 12:53:51"
611;223;"2021-09-08 12:53:51"
612;223;"2021-09-08 12:53:51"
613;223;"2021-09-08 12:53:51"
614;223;"2021-09-08 12:53:51"
615;223;"2021-09-08 12:53:51"
572;223;"2021-09-08 12:53:51"
573;223;"2021-09-08 12:53:51"
574;223;"2021-09-08 12:53:51"
575;223;"2021-09-08 12:53:51"
576;223;"2021-09-08 12:53:51"
577;223;"2021-09-08 12:53:51"
578;223;"2021-09-08 12:53:51"
579;223;"2021-09-08 12:53:51"
465;223;"2021-09-08 12:53:51"
474;223;"2021-09-08 12:53:51"
464;223;"2021-09-08 12:53:51"
468;223;"2021-09-08 12:53:51"
463;223;"2021-09-08 12:53:51"
466;223;"2021-09-08 12:53:51"
477;223;"2021-09-08 12:53:51"
475;223;"2021-09-08 12:53:51"
476;223;"2021-09-08 12:53:51"
546;223;"2021-09-08 12:53:51"
557;223;"2021-09-08 12:53:51"
480;223;"2021-09-08 12:53:51"
513;223;"2021-09-08 12:53:51"
518;223;"2021-09-08 12:53:51"
621;164;"2021-09-08 12:53:56"
596;164;"2021-09-08 12:53:56"
587;164;"2021-09-08 12:53:56"
590;164;"2021-09-08 12:53:56"
588;164;"2021-09-08 12:53:56"
589;164;"2021-09-08 12:53:56"
593;164;"2021-09-08 12:53:56"
559;164;"2021-09-08 12:53:56"
560;164;"2021-09-08 12:53:56"
565;164;"2021-09-08 12:53:56"
604;164;"2021-09-08 12:53:56"
606;164;"2021-09-08 12:53:56"
608;164;"2021-09-08 12:53:56"
609;164;"2021-09-08 12:53:56"
605;164;"2021-09-08 12:53:56"
572;164;"2021-09-08 12:53:56"
573;164;"2021-09-08 12:53:56"
574;164;"2021-09-08 12:53:56"
465;164;"2021-09-08 12:53:56"
464;164;"2021-09-08 12:53:56"
466;164;"2021-09-08 12:53:56"
523;164;"2021-09-08 12:53:56"
527;164;"2021-09-08 12:53:56"
530;164;"2021-09-08 12:53:56"
531;164;"2021-09-08 12:53:56"
534;164;"2021-09-08 12:53:56"
537;164;"2021-09-08 12:53:56"
541;164;"2021-09-08 12:53:56"
538;164;"2021-09-08 12:53:56"
539;164;"2021-09-08 12:53:56"
540;164;"2021-09-08 12:53:56"
544;164;"2021-09-08 12:53:56"
626;193;"2021-09-08 12:53:58"
581;193;"2021-09-08 12:53:58"
596;193;"2021-09-08 12:53:58"
597;193;"2021-09-08 12:53:58"
599;193;"2021-09-08 12:53:58"
587;193;"2021-09-08 12:53:58"
593;193;"2021-09-08 12:53:58"
636;193;"2021-09-08 12:53:58"
635;193;"2021-09-08 12:53:58"
634;193;"2021-09-08 12:53:58"
628;193;"2021-09-08 12:53:58"
476;193;"2021-09-08 12:53:58"
523;193;"2021-09-08 12:53:58"
626;191;"2021-09-08 12:54:01"
581;191;"2021-09-08 12:54:01"
596;191;"2021-09-08 12:54:01"
599;191;"2021-09-08 12:54:01"
587;191;"2021-09-08 12:54:01"
588;191;"2021-09-08 12:54:01"
589;191;"2021-09-08 12:54:01"
594;191;"2021-09-08 12:54:01"
593;191;"2021-09-08 12:54:01"
604;191;"2021-09-08 12:54:01"
606;191;"2021-09-08 12:54:01"
607;191;"2021-09-08 12:54:01"
609;191;"2021-09-08 12:54:01"
605;191;"2021-09-08 12:54:01"
612;191;"2021-09-08 12:54:01"
614;191;"2021-09-08 12:54:01"
572;191;"2021-09-08 12:54:01"
573;191;"2021-09-08 12:54:01"
574;191;"2021-09-08 12:54:01"
463;191;"2021-09-08 12:54:01"
523;191;"2021-09-08 12:54:01"
540;191;"2021-09-08 12:54:01"
621;177;"2021-09-08 12:54:03"
559;177;"2021-09-08 12:54:03"
561;177;"2021-09-08 12:54:03"
571;177;"2021-09-08 12:54:03"
564;177;"2021-09-08 12:54:03"
604;177;"2021-09-08 12:54:03"
606;177;"2021-09-08 12:54:03"
607;177;"2021-09-08 12:54:03"
608;177;"2021-09-08 12:54:04"
609;177;"2021-09-08 12:54:04"
605;177;"2021-09-08 12:54:04"
612;177;"2021-09-08 12:54:04"
613;177;"2021-09-08 12:54:04"
614;177;"2021-09-08 12:54:04"
572;177;"2021-09-08 12:54:04"
473;177;"2021-09-08 12:54:04"
465;177;"2021-09-08 12:54:04"
471;177;"2021-09-08 12:54:04"
474;177;"2021-09-08 12:54:04"
469;177;"2021-09-08 12:54:04"
464;177;"2021-09-08 12:54:04"
468;177;"2021-09-08 12:54:04"
463;177;"2021-09-08 12:54:04"
470;177;"2021-09-08 12:54:04"
466;177;"2021-09-08 12:54:04"
523;177;"2021-09-08 12:54:04"
480;177;"2021-09-08 12:54:04"
618;230;"2021-09-08 12:54:06"
559;230;"2021-09-08 12:54:06"
569;230;"2021-09-08 12:54:06"
628;230;"2021-09-08 12:54:06"
467;230;"2021-09-08 12:54:06"
465;230;"2021-09-08 12:54:06"
466;230;"2021-09-08 12:54:06"
477;230;"2021-09-08 12:54:06"
475;230;"2021-09-08 12:54:06"
476;230;"2021-09-08 12:54:06"
523;230;"2021-09-08 12:54:06"
542;230;"2021-09-08 12:54:06"
543;230;"2021-09-08 12:54:06"
546;230;"2021-09-08 12:54:06"
549;230;"2021-09-08 12:54:06"
556;230;"2021-09-08 12:54:06"
480;230;"2021-09-08 12:54:06"
488;230;"2021-09-08 12:54:06"
489;230;"2021-09-08 12:54:06"
490;230;"2021-09-08 12:54:06"
492;230;"2021-09-08 12:54:06"
500;230;"2021-09-08 12:54:06"
509;230;"2021-09-08 12:54:06"
513;230;"2021-09-08 12:54:07"
517;230;"2021-09-08 12:54:07"
520;230;"2021-09-08 12:54:07"
521;230;"2021-09-08 12:54:07"
626;157;"2021-09-08 12:54:09"
581;157;"2021-09-08 12:54:09"
596;157;"2021-09-08 12:54:09"
597;157;"2021-09-08 12:54:09"
599;157;"2021-09-08 12:54:09"
603;157;"2021-09-08 12:54:09"
587;157;"2021-09-08 12:54:09"
589;157;"2021-09-08 12:54:09"
594;157;"2021-09-08 12:54:09"
604;157;"2021-09-08 12:54:09"
616;157;"2021-09-08 12:54:09"
572;157;"2021-09-08 12:54:09"
573;157;"2021-09-08 12:54:09"
632;157;"2021-09-08 12:54:09"
628;157;"2021-09-08 12:54:09"
463;157;"2021-09-08 12:54:09"
523;157;"2021-09-08 12:54:09"
546;157;"2021-09-08 12:54:09"
480;157;"2021-09-08 12:54:09"
493;157;"2021-09-08 12:54:09"
495;157;"2021-09-08 12:54:09"
502;157;"2021-09-08 12:54:09"
504;157;"2021-09-08 12:54:09"
505;157;"2021-09-08 12:54:09"
506;157;"2021-09-08 12:54:09"
508;157;"2021-09-08 12:54:09"
626;155;"2021-09-08 12:54:11"
581;155;"2021-09-08 12:54:11"
596;155;"2021-09-08 12:54:11"
598;155;"2021-09-08 12:54:11"
599;155;"2021-09-08 12:54:11"
587;155;"2021-09-08 12:54:11"
590;155;"2021-09-08 12:54:11"
592;155;"2021-09-08 12:54:11"
588;155;"2021-09-08 12:54:11"
589;155;"2021-09-08 12:54:11"
594;155;"2021-09-08 12:54:11"
604;155;"2021-09-08 12:54:11"
616;155;"2021-09-08 12:54:11"
608;155;"2021-09-08 12:54:11"
609;155;"2021-09-08 12:54:11"
605;155;"2021-09-08 12:54:11"
610;155;"2021-09-08 12:54:11"
611;155;"2021-09-08 12:54:11"
612;155;"2021-09-08 12:54:12"
468;155;"2021-09-08 12:54:12"
523;155;"2021-09-08 12:54:12"
534;155;"2021-09-08 12:54:12"
544;155;"2021-09-08 12:54:12"
480;155;"2021-09-08 12:54:12"
483;155;"2021-09-08 12:54:12"
505;155;"2021-09-08 12:54:12"
515;155;"2021-09-08 12:54:12"
516;155;"2021-09-08 12:54:12"
621;227;"2021-09-08 12:54:14"
559;227;"2021-09-08 12:54:14"
560;227;"2021-09-08 12:54:14"
568;227;"2021-09-08 12:54:14"
570;227;"2021-09-08 12:54:14"
604;227;"2021-09-08 12:54:14"
608;227;"2021-09-08 12:54:14"
605;227;"2021-09-08 12:54:14"
612;227;"2021-09-08 12:54:14"
614;227;"2021-09-08 12:54:14"
572;227;"2021-09-08 12:54:14"
575;227;"2021-09-08 12:54:14"
576;227;"2021-09-08 12:54:14"
577;227;"2021-09-08 12:54:14"
473;227;"2021-09-08 12:54:14"
465;227;"2021-09-08 12:54:14"
474;227;"2021-09-08 12:54:14"
464;227;"2021-09-08 12:54:14"
468;227;"2021-09-08 12:54:14"
463;227;"2021-09-08 12:54:14"
618;179;"2021-09-08 12:54:17"
596;179;"2021-09-08 12:54:17"
603;179;"2021-09-08 12:54:17"
587;179;"2021-09-08 12:54:17"
590;179;"2021-09-08 12:54:17"
589;179;"2021-09-08 12:54:17"
626;166;"2021-09-08 12:55:08"
625;166;"2021-09-08 12:55:08"
619;166;"2021-09-08 12:55:08"
587;166;"2021-09-08 12:55:08"
592;166;"2021-09-08 12:55:08"
594;166;"2021-09-08 12:55:08"
593;166;"2021-09-08 12:55:08"
626;203;"2021-09-08 12:55:08"
625;203;"2021-09-08 12:55:08"
581;203;"2021-09-08 12:55:08"
582;203;"2021-09-08 12:55:08"
583;203;"2021-09-08 12:55:08"
586;203;"2021-09-08 12:55:08"
596;203;"2021-09-08 12:55:08"
600;203;"2021-09-08 12:55:08"
626;180;"2021-09-08 12:55:09"
625;180;"2021-09-08 12:55:09"
621;180;"2021-09-08 12:55:09"
619;180;"2021-09-08 12:55:09"
618;180;"2021-09-08 12:55:09"
581;180;"2021-09-08 12:55:09"
583;180;"2021-09-08 12:55:09"
596;180;"2021-09-08 12:55:09"
597;180;"2021-09-08 12:55:09"
598;180;"2021-09-08 12:55:09"
599;180;"2021-09-08 12:55:09"
587;180;"2021-09-08 12:55:09"
589;180;"2021-09-08 12:55:09"
594;180;"2021-09-08 12:55:09"
559;180;"2021-09-08 12:55:09"
570;180;"2021-09-08 12:55:10"
604;180;"2021-09-08 12:55:10"
608;180;"2021-09-08 12:55:10"
609;180;"2021-09-08 12:55:10"
605;180;"2021-09-08 12:55:10"
610;180;"2021-09-08 12:55:10"
611;180;"2021-09-08 12:55:10"
612;180;"2021-09-08 12:55:10"
613;180;"2021-09-08 12:55:10"
614;180;"2021-09-08 12:55:10"
615;180;"2021-09-08 12:55:10"
572;180;"2021-09-08 12:55:10"
573;180;"2021-09-08 12:55:10"
574;180;"2021-09-08 12:55:10"
575;180;"2021-09-08 12:55:10"
576;180;"2021-09-08 12:55:10"
577;180;"2021-09-08 12:55:10"
578;180;"2021-09-08 12:55:10"
579;180;"2021-09-08 12:55:10"
580;180;"2021-09-08 12:55:10"
636;180;"2021-09-08 12:55:10"
635;180;"2021-09-08 12:55:10"
638;180;"2021-09-08 12:55:10"
633;180;"2021-09-08 12:55:10"
639;180;"2021-09-08 12:55:10"
637;180;"2021-09-08 12:55:10"
629;180;"2021-09-08 12:55:10"
631;180;"2021-09-08 12:55:10"
630;180;"2021-09-08 12:55:10"
640;180;"2021-09-08 12:55:10"
632;180;"2021-09-08 12:55:10"
634;180;"2021-09-08 12:55:10"
628;180;"2021-09-08 12:55:10"
469;180;"2021-09-08 12:55:10"
470;180;"2021-09-08 12:55:10"
523;180;"2021-09-08 12:55:10"
524;180;"2021-09-08 12:55:10"
541;180;"2021-09-08 12:55:10"
543;180;"2021-09-08 12:55:10"
546;180;"2021-09-08 12:55:10"
480;180;"2021-09-08 12:55:10"
624;185;"2021-09-08 12:55:11"
626;185;"2021-09-08 12:55:11"
625;185;"2021-09-08 12:55:11"
581;185;"2021-09-08 12:55:11"
587;185;"2021-09-08 12:55:11"
589;185;"2021-09-08 12:55:11"
593;185;"2021-09-08 12:55:11"
640;185;"2021-09-08 12:55:11"
463;185;"2021-09-08 12:55:11"
626;189;"2021-09-08 12:55:12"
625;189;"2021-09-08 12:55:12"
581;189;"2021-09-08 12:55:12"
583;189;"2021-09-08 12:55:12"
626;169;"2021-09-08 12:55:12"
625;169;"2021-09-08 12:55:12"
596;169;"2021-09-08 12:55:12"
598;169;"2021-09-08 12:55:12"
599;169;"2021-09-08 12:55:13"
601;169;"2021-09-08 12:55:13"
587;169;"2021-09-08 12:55:13"
589;169;"2021-09-08 12:55:13"
593;169;"2021-09-08 12:55:13"
604;169;"2021-09-08 12:55:13"
628;169;"2021-09-08 12:55:13"
468;169;"2021-09-08 12:55:13"
480;169;"2021-09-08 12:55:13"
485;169;"2021-09-08 12:55:13"
495;169;"2021-09-08 12:55:13"
621;235;"2021-09-08 12:55:14"
581;235;"2021-09-08 12:55:14"
583;235;"2021-09-08 12:55:14"
587;235;"2021-09-08 12:55:14"
604;235;"2021-09-08 12:55:14"
616;235;"2021-09-08 12:55:14"
609;235;"2021-09-08 12:55:14"
605;235;"2021-09-08 12:55:14"
572;235;"2021-09-08 12:55:14"
578;235;"2021-09-08 12:55:14"
465;235;"2021-09-08 12:55:14"
468;235;"2021-09-08 12:55:14"
466;235;"2021-09-08 12:55:14"
477;235;"2021-09-08 12:55:14"
475;235;"2021-09-08 12:55:14"
476;235;"2021-09-08 12:55:14"
480;235;"2021-09-08 12:55:14"
482;235;"2021-09-08 12:55:14"
483;235;"2021-09-08 12:55:14"
484;235;"2021-09-08 12:55:14"
488;235;"2021-09-08 12:55:14"
492;235;"2021-09-08 12:55:14"
494;235;"2021-09-08 12:55:14"
496;235;"2021-09-08 12:55:14"
500;235;"2021-09-08 12:55:14"
505;235;"2021-09-08 12:55:14"
509;235;"2021-09-08 12:55:14"
513;235;"2021-09-08 12:55:14"
518;235;"2021-09-08 12:55:14"
521;235;"2021-09-08 12:55:14"
623;178;"2021-09-08 12:55:14"
581;178;"2021-09-08 12:55:14"
583;178;"2021-09-08 12:55:14"
587;178;"2021-09-08 12:55:14"
592;178;"2021-09-08 12:55:14"
588;178;"2021-09-08 12:55:14"
589;178;"2021-09-08 12:55:14"
572;178;"2021-09-08 12:55:14"
576;178;"2021-09-08 12:55:14"
639;178;"2021-09-08 12:55:14"
465;178;"2021-09-08 12:55:14"
476;178;"2021-09-08 12:55:14"
523;178;"2021-09-08 12:55:14"
544;178;"2021-09-08 12:55:14"
546;178;"2021-09-08 12:55:14"
550;178;"2021-09-08 12:55:14"
480;178;"2021-09-08 12:55:14"
490;178;"2021-09-08 12:55:14"
626;143;"2021-09-08 12:55:15"
596;143;"2021-09-08 12:55:15"
597;143;"2021-09-08 12:55:15"
599;143;"2021-09-08 12:55:15"
587;143;"2021-09-08 12:55:16"
593;143;"2021-09-08 12:55:16"
604;143;"2021-09-08 12:55:16"
607;143;"2021-09-08 12:55:16"
605;143;"2021-09-08 12:55:16"
612;143;"2021-09-08 12:55:16"
613;143;"2021-09-08 12:55:16"
614;143;"2021-09-08 12:55:16"
572;143;"2021-09-08 12:55:16"
574;143;"2021-09-08 12:55:16"
635;143;"2021-09-08 12:55:16"
629;143;"2021-09-08 12:55:16"
631;143;"2021-09-08 12:55:16"
630;143;"2021-09-08 12:55:16"
632;143;"2021-09-08 12:55:16"
628;143;"2021-09-08 12:55:16"
465;143;"2021-09-08 12:55:16"
474;143;"2021-09-08 12:55:16"
468;143;"2021-09-08 12:55:16"
463;143;"2021-09-08 12:55:16"
466;143;"2021-09-08 12:55:16"
477;143;"2021-09-08 12:55:16"
523;143;"2021-09-08 12:55:16"
527;143;"2021-09-08 12:55:16"
540;143;"2021-09-08 12:55:16"
480;143;"2021-09-08 12:55:16"
483;143;"2021-09-08 12:55:16"
492;143;"2021-09-08 12:55:16"
500;143;"2021-09-08 12:55:16"
517;143;"2021-09-08 12:55:16"
626;195;"2021-09-08 12:55:16"
596;195;"2021-09-08 12:55:16"
587;195;"2021-09-08 12:55:16"
590;195;"2021-09-08 12:55:16"
592;195;"2021-09-08 12:55:16"
588;195;"2021-09-08 12:55:16"
589;195;"2021-09-08 12:55:16"
594;195;"2021-09-08 12:55:16"
593;195;"2021-09-08 12:55:16"
559;195;"2021-09-08 12:55:16"
560;195;"2021-09-08 12:55:16"
561;195;"2021-09-08 12:55:16"
562;195;"2021-09-08 12:55:16"
563;195;"2021-09-08 12:55:16"
571;195;"2021-09-08 12:55:16"
564;195;"2021-09-08 12:55:16"
567;195;"2021-09-08 12:55:16"
565;195;"2021-09-08 12:55:16"
566;195;"2021-09-08 12:55:16"
568;195;"2021-09-08 12:55:16"
569;195;"2021-09-08 12:55:16"
570;195;"2021-09-08 12:55:16"
604;195;"2021-09-08 12:55:16"
606;195;"2021-09-08 12:55:16"
607;195;"2021-09-08 12:55:16"
605;195;"2021-09-08 12:55:16"
614;195;"2021-09-08 12:55:16"
572;195;"2021-09-08 12:55:16"
573;195;"2021-09-08 12:55:16"
574;195;"2021-09-08 12:55:16"
575;195;"2021-09-08 12:55:16"
576;195;"2021-09-08 12:55:16"
577;195;"2021-09-08 12:55:16"
578;195;"2021-09-08 12:55:16"
579;195;"2021-09-08 12:55:16"
580;195;"2021-09-08 12:55:16"
629;195;"2021-09-08 12:55:16"
628;195;"2021-09-08 12:55:16"
473;195;"2021-09-08 12:55:16"
465;195;"2021-09-08 12:55:16"
474;195;"2021-09-08 12:55:17"
464;195;"2021-09-08 12:55:17"
468;195;"2021-09-08 12:55:17"
475;195;"2021-09-08 12:55:17"
476;195;"2021-09-08 12:55:17"
523;195;"2021-09-08 12:55:17"
526;195;"2021-09-08 12:55:17"
536;195;"2021-09-08 12:55:17"
541;195;"2021-09-08 12:55:17"
538;195;"2021-09-08 12:55:17"
539;195;"2021-09-08 12:55:17"
540;195;"2021-09-08 12:55:17"
544;195;"2021-09-08 12:55:17"
545;195;"2021-09-08 12:55:17"
626;152;"2021-09-08 12:55:17"
625;152;"2021-09-08 12:55:17"
620;152;"2021-09-08 12:55:17"
621;152;"2021-09-08 12:55:18"
587;152;"2021-09-08 12:55:18"
590;152;"2021-09-08 12:55:18"
592;152;"2021-09-08 12:55:18"
588;152;"2021-09-08 12:55:18"
589;152;"2021-09-08 12:55:18"
593;152;"2021-09-08 12:55:18"
559;152;"2021-09-08 12:55:18"
565;152;"2021-09-08 12:55:18"
566;152;"2021-09-08 12:55:18"
604;152;"2021-09-08 12:55:18"
606;152;"2021-09-08 12:55:18"
607;152;"2021-09-08 12:55:18"
608;152;"2021-09-08 12:55:18"
609;152;"2021-09-08 12:55:18"
614;152;"2021-09-08 12:55:18"
572;152;"2021-09-08 12:55:18"
639;152;"2021-09-08 12:55:18"
465;152;"2021-09-08 12:55:18"
466;152;"2021-09-08 12:55:18"
480;152;"2021-09-08 12:55:18"
500;152;"2021-09-08 12:55:18"
621;233;"2021-09-08 12:55:19"
581;233;"2021-09-08 12:55:19"
583;233;"2021-09-08 12:55:19"
596;233;"2021-09-08 12:55:19"
587;233;"2021-09-08 12:55:19"
559;233;"2021-09-08 12:55:19"
604;233;"2021-09-08 12:55:19"
606;233;"2021-09-08 12:55:19"
616;233;"2021-09-08 12:55:19"
608;233;"2021-09-08 12:55:19"
612;233;"2021-09-08 12:55:19"
614;233;"2021-09-08 12:55:19"
615;233;"2021-09-08 12:55:19"
572;233;"2021-09-08 12:55:19"
467;233;"2021-09-08 12:55:19"
465;233;"2021-09-08 12:55:19"
468;233;"2021-09-08 12:55:19"
466;233;"2021-09-08 12:55:19"
477;233;"2021-09-08 12:55:19"
475;233;"2021-09-08 12:55:19"
476;233;"2021-09-08 12:55:19"
546;233;"2021-09-08 12:55:19"
480;233;"2021-09-08 12:55:19"
483;233;"2021-09-08 12:55:19"
484;233;"2021-09-08 12:55:19"
488;233;"2021-09-08 12:55:19"
490;233;"2021-09-08 12:55:19"
495;233;"2021-09-08 12:55:19"
512;233;"2021-09-08 12:55:19"
515;233;"2021-09-08 12:55:19"
516;233;"2021-09-08 12:55:19"
519;233;"2021-09-08 12:55:19"
520;233;"2021-09-08 12:55:19"
522;233;"2021-09-08 12:55:19"
624;156;"2021-09-08 12:55:20"
626;172;"2021-09-08 12:55:20"
587;172;"2021-09-08 12:55:20"
590;172;"2021-09-08 12:55:20"
588;172;"2021-09-08 12:55:20"
594;172;"2021-09-08 12:55:20"
604;172;"2021-09-08 12:55:20"
606;172;"2021-09-08 12:55:20"
607;172;"2021-09-08 12:55:20"
614;172;"2021-09-08 12:55:20"
468;172;"2021-09-08 12:55:20"
523;172;"2021-09-08 12:55:20"
480;172;"2021-09-08 12:55:20"
516;172;"2021-09-08 12:55:20"
626;161;"2021-09-08 12:55:24"
587;161;"2021-09-08 12:55:24"
592;161;"2021-09-08 12:55:24"
594;161;"2021-09-08 12:55:24"
604;161;"2021-09-08 12:55:24"
606;161;"2021-09-08 12:55:24"
608;161;"2021-09-08 12:55:24"
572;161;"2021-09-08 12:55:24"
573;161;"2021-09-08 12:55:24"
574;161;"2021-09-08 12:55:24"
575;161;"2021-09-08 12:55:24"
578;161;"2021-09-08 12:55:24"
579;161;"2021-09-08 12:55:24"
639;161;"2021-09-08 12:55:24"
465;161;"2021-09-08 12:55:24"
463;161;"2021-09-08 12:55:24"
466;161;"2021-09-08 12:55:24"
476;161;"2021-09-08 12:55:24"
546;161;"2021-09-08 12:55:24"
555;161;"2021-09-08 12:55:24"
480;161;"2021-09-08 12:55:24"
483;161;"2021-09-08 12:55:24"
513;161;"2021-09-08 12:55:24"
521;161;"2021-09-08 12:55:24"
626;170;"2021-09-08 12:55:25"
587;170;"2021-09-08 12:55:25"
604;170;"2021-09-08 12:55:25"
612;170;"2021-09-08 12:55:25"
613;170;"2021-09-08 12:55:25"
572;170;"2021-09-08 12:55:25"
631;170;"2021-09-08 12:55:25"
628;170;"2021-09-08 12:55:25"
468;170;"2021-09-08 12:55:25"
480;170;"2021-09-08 12:55:25"
505;170;"2021-09-08 12:55:25"
516;170;"2021-09-08 12:55:25"
626;194;"2021-09-08 12:55:26"
625;194;"2021-09-08 12:55:26"
581;194;"2021-09-08 12:55:26"
583;194;"2021-09-08 12:55:26"
596;194;"2021-09-08 12:55:26"
599;194;"2021-09-08 12:55:26"
601;194;"2021-09-08 12:55:26"
604;194;"2021-09-08 12:55:26"
612;194;"2021-09-08 12:55:26"
572;194;"2021-09-08 12:55:26"
574;194;"2021-09-08 12:55:26"
629;194;"2021-09-08 12:55:26"
465;194;"2021-09-08 12:55:26"
476;194;"2021-09-08 12:55:26"
523;194;"2021-09-08 12:55:26"
541;194;"2021-09-08 12:55:26"
626;232;"2021-09-08 12:55:26"
618;232;"2021-09-08 12:55:26"
581;232;"2021-09-08 12:55:26"
596;232;"2021-09-08 12:55:26"
587;232;"2021-09-08 12:55:26"
628;232;"2021-09-08 12:55:26"
477;232;"2021-09-08 12:55:26"
476;232;"2021-09-08 12:55:26"
523;232;"2021-09-08 12:55:26"
480;232;"2021-09-08 12:55:26"
621;173;"2021-09-08 12:55:27"
596;173;"2021-09-08 12:55:27"
599;173;"2021-09-08 12:55:27"
587;173;"2021-09-08 12:55:27"
588;173;"2021-09-08 12:55:27"
589;173;"2021-09-08 12:55:27"
594;173;"2021-09-08 12:55:27"
593;173;"2021-09-08 12:55:27"
559;173;"2021-09-08 12:55:27"
560;173;"2021-09-08 12:55:27"
561;173;"2021-09-08 12:55:27"
562;173;"2021-09-08 12:55:27"
567;173;"2021-09-08 12:55:27"
565;173;"2021-09-08 12:55:27"
566;173;"2021-09-08 12:55:27"
568;173;"2021-09-08 12:55:27"
569;173;"2021-09-08 12:55:27"
570;173;"2021-09-08 12:55:27"
604;173;"2021-09-08 12:55:27"
606;173;"2021-09-08 12:55:27"
607;173;"2021-09-08 12:55:27"
610;173;"2021-09-08 12:55:27"
612;173;"2021-09-08 12:55:27"
613;173;"2021-09-08 12:55:27"
614;173;"2021-09-08 12:55:27"
572;173;"2021-09-08 12:55:27"
573;173;"2021-09-08 12:55:27"
574;173;"2021-09-08 12:55:27"
575;173;"2021-09-08 12:55:27"
576;173;"2021-09-08 12:55:27"
577;173;"2021-09-08 12:55:27"
578;173;"2021-09-08 12:55:27"
579;173;"2021-09-08 12:55:27"
580;173;"2021-09-08 12:55:27"
636;173;"2021-09-08 12:55:27"
639;173;"2021-09-08 12:55:27"
637;173;"2021-09-08 12:55:27"
629;173;"2021-09-08 12:55:27"
630;173;"2021-09-08 12:55:27"
640;173;"2021-09-08 12:55:27"
632;173;"2021-09-08 12:55:27"
634;173;"2021-09-08 12:55:27"
628;173;"2021-09-08 12:55:27"
468;173;"2021-09-08 12:55:27"
463;173;"2021-09-08 12:55:27"
476;173;"2021-09-08 12:55:28"
523;173;"2021-09-08 12:55:28"
530;173;"2021-09-08 12:55:28"
534;173;"2021-09-08 12:55:28"
544;173;"2021-09-08 12:55:28"
546;173;"2021-09-08 12:55:28"
550;173;"2021-09-08 12:55:28"
618;162;"2021-09-08 12:55:28"
587;162;"2021-09-08 12:55:28"
604;162;"2021-09-08 12:55:28"
609;162;"2021-09-08 12:55:28"
465;162;"2021-09-08 12:55:28"
466;162;"2021-09-08 12:55:28"
523;162;"2021-09-08 12:55:28"
537;162;"2021-09-08 12:55:28"
626;163;"2021-09-08 12:55:29"
581;163;"2021-09-08 12:55:29"
583;163;"2021-09-08 12:55:29"
596;163;"2021-09-08 12:55:29"
587;163;"2021-09-08 12:55:29"
589;163;"2021-09-08 12:55:29"
629;163;"2021-09-08 12:55:29"
475;163;"2021-09-08 12:55:29"
523;163;"2021-09-08 12:55:29"
534;163;"2021-09-08 12:55:29"
546;163;"2021-09-08 12:55:29"
626;148;"2021-09-08 12:55:30"
625;148;"2021-09-08 12:55:30"
581;148;"2021-09-08 12:55:30"
587;148;"2021-09-08 12:55:30"
588;148;"2021-09-08 12:55:30"
594;148;"2021-09-08 12:55:31"
604;148;"2021-09-08 12:55:31"
606;148;"2021-09-08 12:55:31"
608;148;"2021-09-08 12:55:31"
609;148;"2021-09-08 12:55:31"
612;148;"2021-09-08 12:55:31"
614;148;"2021-09-08 12:55:31"
572;148;"2021-09-08 12:55:31"
575;148;"2021-09-08 12:55:31"
578;148;"2021-09-08 12:55:31"
579;148;"2021-09-08 12:55:31"
633;148;"2021-09-08 12:55:31"
628;148;"2021-09-08 12:55:31"
465;148;"2021-09-08 12:55:31"
523;148;"2021-09-08 12:55:31"
626;158;"2021-09-08 12:55:31"
587;158;"2021-09-08 12:55:31"
590;158;"2021-09-08 12:55:31"
589;158;"2021-09-08 12:55:31"
593;158;"2021-09-08 12:55:31"
559;158;"2021-09-08 12:55:31"
560;158;"2021-09-08 12:55:31"
604;158;"2021-09-08 12:55:31"
607;158;"2021-09-08 12:55:31"
608;158;"2021-09-08 12:55:31"
609;158;"2021-09-08 12:55:32"
605;158;"2021-09-08 12:55:32"
612;158;"2021-09-08 12:55:32"
614;158;"2021-09-08 12:55:32"
572;158;"2021-09-08 12:55:32"
573;158;"2021-09-08 12:55:32"
574;158;"2021-09-08 12:55:32"
635;158;"2021-09-08 12:55:32"
629;158;"2021-09-08 12:55:32"
477;158;"2021-09-08 12:55:32"
476;158;"2021-09-08 12:55:32"
523;158;"2021-09-08 12:55:32"
527;158;"2021-09-08 12:55:32"
537;158;"2021-09-08 12:55:32"
480;158;"2021-09-08 12:55:32"
483;158;"2021-09-08 12:55:32"
518;158;"2021-09-08 12:55:32"
521;158;"2021-09-08 12:55:32"
626;200;"2021-09-08 12:55:32"
581;200;"2021-09-08 12:55:32"
596;200;"2021-09-08 12:55:32"
599;200;"2021-09-08 12:55:32"
626;224;"2021-09-08 12:55:33"
581;224;"2021-09-08 12:55:33"
596;224;"2021-09-08 12:55:33"
599;224;"2021-09-08 12:55:33"
604;224;"2021-09-08 12:55:33"
609;224;"2021-09-08 12:55:33"
615;224;"2021-09-08 12:55:33"
572;224;"2021-09-08 12:55:33"
573;224;"2021-09-08 12:55:33"
574;224;"2021-09-08 12:55:33"
576;224;"2021-09-08 12:55:33"
578;224;"2021-09-08 12:55:33"
628;224;"2021-09-08 12:55:33"
473;224;"2021-09-08 12:55:33"
465;224;"2021-09-08 12:55:33"
474;224;"2021-09-08 12:55:33"
476;224;"2021-09-08 12:55:33"
523;224;"2021-09-08 12:55:33"
525;224;"2021-09-08 12:55:33"
526;224;"2021-09-08 12:55:33"
533;224;"2021-09-08 12:55:33"
536;224;"2021-09-08 12:55:33"
542;224;"2021-09-08 12:55:33"
546;224;"2021-09-08 12:55:33"
547;224;"2021-09-08 12:55:33"
555;224;"2021-09-08 12:55:33"
556;224;"2021-09-08 12:55:33"
626;183;"2021-09-08 12:55:33"
596;183;"2021-09-08 12:55:33"
599;183;"2021-09-08 12:55:33"
587;183;"2021-09-08 12:55:33"
628;183;"2021-09-08 12:55:33"
463;183;"2021-09-08 12:55:33"
480;183;"2021-09-08 12:55:33"
501;183;"2021-09-08 12:55:33"
506;183;"2021-09-08 12:55:33"
618;229;"2021-09-08 12:55:34"
596;229;"2021-09-08 12:55:34"
597;229;"2021-09-08 12:55:34"
598;229;"2021-09-08 12:55:34"
599;229;"2021-09-08 12:55:34"
587;229;"2021-09-08 12:55:34"
590;229;"2021-09-08 12:55:34"
592;229;"2021-09-08 12:55:34"
588;229;"2021-09-08 12:55:34"
593;229;"2021-09-08 12:55:34"
604;229;"2021-09-08 12:55:34"
616;229;"2021-09-08 12:55:34"
605;229;"2021-09-08 12:55:34"
613;229;"2021-09-08 12:55:34"
572;229;"2021-09-08 12:55:34"
574;229;"2021-09-08 12:55:34"
579;229;"2021-09-08 12:55:35"
477;229;"2021-09-08 12:55:35"
475;229;"2021-09-08 12:55:35"
476;229;"2021-09-08 12:55:35"
480;229;"2021-09-08 12:55:35"
483;229;"2021-09-08 12:55:35"
494;229;"2021-09-08 12:55:35"
498;229;"2021-09-08 12:55:35"
500;229;"2021-09-08 12:55:35"
511;229;"2021-09-08 12:55:35"
517;229;"2021-09-08 12:55:35"
519;229;"2021-09-08 12:55:35"
521;229;"2021-09-08 12:55:35"
618;171;"2021-09-08 12:55:35"
626;197;"2021-09-08 12:55:36"
625;197;"2021-09-08 12:55:36"
623;197;"2021-09-08 12:55:36"
581;197;"2021-09-08 12:55:36"
587;197;"2021-09-08 12:55:36"
589;197;"2021-09-08 12:55:36"
594;197;"2021-09-08 12:55:36"
593;197;"2021-09-08 12:55:36"
604;197;"2021-09-08 12:55:36"
616;197;"2021-09-08 12:55:36"
572;197;"2021-09-08 12:55:36"
573;197;"2021-09-08 12:55:36"
628;197;"2021-09-08 12:55:36"
465;197;"2021-09-08 12:55:36"
480;197;"2021-09-08 12:55:36"
519;197;"2021-09-08 12:55:36"
618;147;"2021-09-08 12:55:36"
587;147;"2021-09-08 12:55:36"
592;147;"2021-09-08 12:55:36"
604;147;"2021-09-08 12:55:36"
612;147;"2021-09-08 12:55:36"
572;147;"2021-09-08 12:55:36"
477;147;"2021-09-08 12:55:36"
476;147;"2021-09-08 12:55:36"
480;147;"2021-09-08 12:55:36"
484;147;"2021-09-08 12:55:36"
621;228;"2021-09-08 12:55:37"
596;228;"2021-09-08 12:55:37"
598;228;"2021-09-08 12:55:37"
599;228;"2021-09-08 12:55:37"
601;228;"2021-09-08 12:55:37"
587;228;"2021-09-08 12:55:37"
559;228;"2021-09-08 12:55:37"
604;228;"2021-09-08 12:55:37"
606;228;"2021-09-08 12:55:37"
609;228;"2021-09-08 12:55:37"
605;228;"2021-09-08 12:55:37"
473;228;"2021-09-08 12:55:37"
474;228;"2021-09-08 12:55:37"
468;228;"2021-09-08 12:55:37"
463;228;"2021-09-08 12:55:37"
523;228;"2021-09-08 12:55:37"
480;228;"2021-09-08 12:55:37"
626;192;"2021-09-08 12:55:38"
587;192;"2021-09-08 12:55:38"
589;192;"2021-09-08 12:55:38"
594;192;"2021-09-08 12:55:38"
604;192;"2021-09-08 12:55:38"
616;192;"2021-09-08 12:55:38"
605;192;"2021-09-08 12:55:38"
612;192;"2021-09-08 12:55:38"
614;192;"2021-09-08 12:55:38"
572;192;"2021-09-08 12:55:38"
573;192;"2021-09-08 12:55:38"
574;192;"2021-09-08 12:55:38"
580;192;"2021-09-08 12:55:38"
639;192;"2021-09-08 12:55:38"
632;192;"2021-09-08 12:55:38"
628;192;"2021-09-08 12:55:38"
463;192;"2021-09-08 12:55:38"
480;192;"2021-09-08 12:55:38"
487;192;"2021-09-08 12:55:38"
501;192;"2021-09-08 12:55:38"
506;192;"2021-09-08 12:55:38"
520;192;"2021-09-08 12:55:39"
618;215;"2021-09-08 12:55:39"
596;215;"2021-09-08 12:55:39"
597;215;"2021-09-08 12:55:39"
599;215;"2021-09-08 12:55:39"
559;215;"2021-09-08 12:55:39"
567;215;"2021-09-08 12:55:39"
604;215;"2021-09-08 12:55:39"
607;215;"2021-09-08 12:55:39"
616;215;"2021-09-08 12:55:39"
608;215;"2021-09-08 12:55:39"
610;215;"2021-09-08 12:55:40"
612;215;"2021-09-08 12:55:40"
613;215;"2021-09-08 12:55:40"
614;215;"2021-09-08 12:55:40"
465;215;"2021-09-08 12:55:40"
468;215;"2021-09-08 12:55:40"
477;215;"2021-09-08 12:55:40"
480;215;"2021-09-08 12:55:40"
483;215;"2021-09-08 12:55:40"
494;215;"2021-09-08 12:55:40"
500;215;"2021-09-08 12:55:40"
581;239;"2021-09-08 12:55:40"
596;239;"2021-09-08 12:55:40"
523;239;"2021-09-08 12:55:40"
525;239;"2021-09-08 12:55:40"
527;239;"2021-09-08 12:55:40"
626;208;"2021-09-08 12:55:40"
604;208;"2021-09-08 12:55:40"
572;208;"2021-09-08 12:55:40"
573;208;"2021-09-08 12:55:40"
574;208;"2021-09-08 12:55:40"
576;208;"2021-09-08 12:55:40"
577;208;"2021-09-08 12:55:40"
580;208;"2021-09-08 12:55:40"
639;208;"2021-09-08 12:55:40"
473;208;"2021-09-08 12:55:40"
465;208;"2021-09-08 12:55:40"
471;208;"2021-09-08 12:55:41"
476;208;"2021-09-08 12:55:41"
480;208;"2021-09-08 12:55:41"
489;208;"2021-09-08 12:55:41"
490;208;"2021-09-08 12:55:41"
500;208;"2021-09-08 12:55:41"
512;208;"2021-09-08 12:55:41"
513;208;"2021-09-08 12:55:41"
517;208;"2021-09-08 12:55:41"
518;208;"2021-09-08 12:55:41"
519;208;"2021-09-08 12:55:41"
521;208;"2021-09-08 12:55:41"
626;205;"2021-09-08 12:55:41"
625;205;"2021-09-08 12:55:41"
596;205;"2021-09-08 12:55:41"
599;205;"2021-09-08 12:55:41"
587;205;"2021-09-08 12:55:41"
595;205;"2021-09-08 12:55:41"
604;205;"2021-09-08 12:55:41"
616;205;"2021-09-08 12:55:41"
605;205;"2021-09-08 12:55:41"
610;205;"2021-09-08 12:55:41"
615;205;"2021-09-08 12:55:41"
636;205;"2021-09-08 12:55:41"
638;205;"2021-09-08 12:55:41"
629;205;"2021-09-08 12:55:41"
628;205;"2021-09-08 12:55:41"
468;205;"2021-09-08 12:55:41"
463;205;"2021-09-08 12:55:41"
523;205;"2021-09-08 12:55:41"
526;205;"2021-09-08 12:55:41"
546;205;"2021-09-08 12:55:41"
550;205;"2021-09-08 12:55:41"
556;205;"2021-09-08 12:55:41"
480;205;"2021-09-08 12:55:41"
484;205;"2021-09-08 12:55:41"
496;205;"2021-09-08 12:55:41"
505;205;"2021-09-08 12:55:41"
516;205;"2021-09-08 12:55:41"
517;205;"2021-09-08 12:55:41"
626;211;"2021-09-08 12:55:43"
581;211;"2021-09-08 12:55:43"
596;211;"2021-09-08 12:55:43"
598;211;"2021-09-08 12:55:43"
599;211;"2021-09-08 12:55:43"
601;211;"2021-09-08 12:55:43"
602;211;"2021-09-08 12:55:43"
587;211;"2021-09-08 12:55:43"
589;211;"2021-09-08 12:55:43"
604;211;"2021-09-08 12:55:43"
607;211;"2021-09-08 12:55:43"
572;211;"2021-09-08 12:55:43"
579;211;"2021-09-08 12:55:43"
629;211;"2021-09-08 12:55:43"
628;211;"2021-09-08 12:55:43"
476;211;"2021-09-08 12:55:43"
523;211;"2021-09-08 12:55:43"
534;211;"2021-09-08 12:55:43"
544;211;"2021-09-08 12:55:43"
626;206;"2021-09-08 12:55:43"
625;206;"2021-09-08 12:55:43"
581;206;"2021-09-08 12:55:43"
583;206;"2021-09-08 12:55:43"
596;206;"2021-09-08 12:55:43"
598;206;"2021-09-08 12:55:43"
587;206;"2021-09-08 12:55:43"
590;206;"2021-09-08 12:55:43"
588;206;"2021-09-08 12:55:43"
589;206;"2021-09-08 12:55:43"
594;206;"2021-09-08 12:55:43"
593;206;"2021-09-08 12:55:43"
604;206;"2021-09-08 12:55:43"
606;206;"2021-09-08 12:55:43"
609;206;"2021-09-08 12:55:43"
605;206;"2021-09-08 12:55:43"
610;206;"2021-09-08 12:55:43"
612;206;"2021-09-08 12:55:43"
614;206;"2021-09-08 12:55:43"
572;206;"2021-09-08 12:55:43"
465;206;"2021-09-08 12:55:43"
474;206;"2021-09-08 12:55:43"
468;206;"2021-09-08 12:55:43"
463;206;"2021-09-08 12:55:43"
466;206;"2021-09-08 12:55:43"
476;206;"2021-09-08 12:55:43"
523;206;"2021-09-08 12:55:43"
534;206;"2021-09-08 12:55:43"
544;206;"2021-09-08 12:55:43"
545;206;"2021-09-08 12:55:43"
624;182;"2021-09-08 12:55:44"
626;182;"2021-09-08 12:55:44"
625;182;"2021-09-08 12:55:44"
623;182;"2021-09-08 12:55:44"
587;182;"2021-09-08 12:55:44"
572;182;"2021-09-08 12:55:44"
632;182;"2021-09-08 12:55:44"
634;182;"2021-09-08 12:55:44"
628;182;"2021-09-08 12:55:44"
463;182;"2021-09-08 12:55:44"
480;182;"2021-09-08 12:55:44"
511;182;"2021-09-08 12:55:44"
626;221;"2021-09-08 12:55:44"
625;221;"2021-09-08 12:55:44"
596;221;"2021-09-08 12:55:44"
599;221;"2021-09-08 12:55:44"
587;221;"2021-09-08 12:55:44"
592;221;"2021-09-08 12:55:44"
572;221;"2021-09-08 12:55:44"
573;221;"2021-09-08 12:55:44"
574;221;"2021-09-08 12:55:44"
626;201;"2021-09-08 12:55:45"
596;201;"2021-09-08 12:55:45"
599;201;"2021-09-08 12:55:45"
587;201;"2021-09-08 12:55:45"
594;201;"2021-09-08 12:55:45"
604;201;"2021-09-08 12:55:45"
606;201;"2021-09-08 12:55:45"
614;201;"2021-09-08 12:55:45"
572;201;"2021-09-08 12:55:45"
573;201;"2021-09-08 12:55:45"
574;201;"2021-09-08 12:55:45"
579;201;"2021-09-08 12:55:45"
476;201;"2021-09-08 12:55:45"
523;201;"2021-09-08 12:55:45"
530;201;"2021-09-08 12:55:45"
545;201;"2021-09-08 12:55:45"
546;201;"2021-09-08 12:55:45"
480;201;"2021-09-08 12:55:45"
522;201;"2021-09-08 12:55:45"
626;165;"2021-09-08 12:55:46"
581;165;"2021-09-08 12:55:46"
626;181;"2021-09-08 12:55:46"
581;181;"2021-09-08 12:55:46"
583;181;"2021-09-08 12:55:46"
468;181;"2021-09-08 12:55:46"
480;181;"2021-09-08 12:55:46"
505;181;"2021-09-08 12:55:46"
