id,name,slug,description,tag_category_id,parent_tag_id,color,sort_order,is_active,metadata
1,Poultry,poultry,,1,,,1,1,
2,Horses,horses,,1,,,1,1,
3,Cattle,cattle,,1,,,1,1,
6,Pigs,pigs,,1,,,1,1,
7,Finfish,finfish,,1,,,1,1,
11,Cats,cats,,1,,,1,1,
4,"Small ruminants",small-ruminants,,1,,,2,1,
8,Shellfish,shellfish,,1,,,2,1,
12,Dogs,dogs,,1,,,2,1,
5,Buffalo,buffalo,,1,,,3,1,
9,Crustaceans,crustaceans,,1,,,3,1,
13,Wildlife,wildlife,,1,,,3,1,
10,Mollusks,mollusks,,1,,,4,1,
14,Zoonoses,zoonoses,,1,,,4,1,
15,"Transboundary/Foreign animal disease",transboundaryforeign-animal-disease,,1,,,5,1,
16,Camels,camels,,1,,,6,1,
17,Adenovirus,adenovirus,,2,,,1,1,
59,Aeromonas,aeromonas,,2,,,1,1,
18,"African horse sickness",african-horse-sickness,,2,,,2,1,
60,"Anaplasma ",anaplasma,,2,,,2,1,
19,"African swine fever virus",african-swine-fever-virus,,2,,,3,1,
61,"Borrelia ",borrelia,,2,,,3,1,
20,Arboviruses,arboviruses,,2,,,4,1,
62,Brucella,brucella,,2,,,4,1,
21,Ateriviruses,ateriviruses,,2,,,5,1,
63,"Chlamydia ",chlamydia,,2,,,5,1,
22,"Avian papillomavirus",avian-papillomavirus,,2,,,6,1,
64,Chlamydiophila,chlamydiophila,,2,,,6,1,
23,"Avian polyomavirus",avian-polyomavirus,,2,,,7,1,
65,Clostridia,clostridia,,2,,,7,1,
24,"Bluetongue virus",bluetongue-virus,,2,,,8,1,
66,Corynebacterium,corynebacterium,,2,,,8,1,
25,"Bovine ephemeral fever virus",bovine-ephemeral-fever-virus,,2,,,9,1,
67,Coxiella,coxiella,,2,,,9,1,
26,"Bovine viral diarrhea",bovine-viral-diarrhea,,2,,,10,1,
68,Erlichia,erlichia,,2,,,10,1,
27,Calicivirus,calicivirus,,2,,,11,1,
69,E.coli,ecoli,,2,,,11,1,
28,"Capripoxvirus ",capripoxvirus,,2,,,12,1,
70,Erysipelas,erysipelas,,2,,,12,1,
29,"Chicken anemia virus",chicken-anemia-virus,,2,,,13,1,
71,"Francisella ",francisella,,2,,,13,1,
30,"Classical swine fever virus",classical-swine-fever-virus,,2,,,14,1,
72,Leptospira,leptospira,,2,,,14,1,
31,Coronavirus,coronavirus,,2,,,15,1,
73,"Mycobacterium avium subsp. paratuberculosis",mycobacterium-avium-subsp-paratuberculosis,,2,,,15,1,
32,"Crimean-Congo hemorrhagic fever virus",crimean-congo-hemorrhagic-fever-virus,,2,,,16,1,
74,"Mycoplasma hyopneumoniae (M. hyo)",mycoplasma-hyopneumoniae-m-hyo,,2,,,16,1,
33,Cytomegalovirus,cytomegalovirus,,2,,,17,1,
75,"Mycoplasma species",mycoplasma-species,,2,,,17,1,
34,Ebolaviruses/filoviruses,ebolavirusesfiloviruses,,2,,,18,1,
76,"Mycobacteria bovis",mycobacteria-bovis,,2,,,18,1,
35,"Feline leukemia virus",feline-leukemia-virus,,2,,,19,1,
77,"Rickettsia ",rickettsia,,2,,,19,1,
36,"Foot-and-mouth disease virus",foot-and-mouth-disease-virus,,2,,,20,1,
78,Yersinia,yersinia,,2,,,20,1,
37,Herpesvirus,herpesvirus,,2,,,21,1,
79,Salmonella,salmonella,,2,,,21,1,
38,"Infectious bursal disease virus",infectious-bursal-disease-virus,,2,,,22,1,
80,Staphylococcus,staphylococcus,,2,,,22,1,
39,"Infectiouspancreatic necrosis virus",infectiouspancreatic-necrosis-virus,,2,,,23,1,
40,"Infectious salmon anemia virus",infectious-salmon-anemia-virus,,2,,,24,1,
41,"Influenza virus",influenza-virus,,2,,,25,1,
42,"Mareks disease virus",mareks-disease-virus,,2,,,26,1,
43,Nairoviruses,nairoviruses,,2,,,27,1,
44,"Newcastle disease virus",newcastle-disease-virus,,2,,,28,1,
45,"Nipah virus",nipah-virus,,2,,,29,1,
46,"Parainfluenza virus",parainfluenza-virus,,2,,,30,1,
47,Paramyxoviruses,paramyxoviruses,,2,,,31,1,
48,Parvovirus,parvovirus,,2,,,32,1,
49,"Peste des petits ruminants virus",peste-des-petits-ruminants-virus,,2,,,33,1,
50,"Piscine novirhabdovirus",piscine-novirhabdovirus,,2,,,34,1,
51,"Porcine circovirus",porcine-circovirus,,2,,,35,1,
52,"Porcine reproductive and respiratory syndrome virus",porcine-reproductive-and-respiratory-syndrome-virus,,2,,,36,1,
53,Poxviruses,poxviruses,,2,,,37,1,
54,"Rabies virus",rabies-virus,,2,,,38,1,
55,"Respiratory syncytial virus",respiratory-syncytial-virus,,2,,,39,1,
56,Retroviruses,retroviruses,,2,,,40,1,
57,"Rift Valley fever virus",rift-valley-fever-virus,,2,,,41,1,
58,Rotaviruses,rotaviruses,,2,,,42,1,
81,Bio-manufacturing,bio-manufacturing,,3,,,1,1,
93,"Challenge model development",challenge-model-development,,3,,,1,1,
101,Economics,economics,,3,,,1,1,
106,"Humoral immunity",humoral-immunity,,3,,,1,1,
114,Bioinformatics,bioinformatics,,3,,,1,1,
121,"Live-attenuated vaccine",live-attenuated-vaccine,,3,,,1,1,
82,Commercialisation,commercialisation,,3,,,2,1,
94,"Challenge study design",challenge-study-design,,3,,,2,1,
102,Epidemiology,epidemiology,,3,,,2,1,
107,"Innate immunity",innate-immunity,,3,,,2,1,
115,"Cellular biology",cellular-biology,,3,,,2,1,
122,Adjuvents,adjuvents,,3,,,2,1,
83,Deployment,deployment,,3,,,3,1,
95,"Clinical trails",clinical-trails,,3,,,3,1,
103,Ethics,ethics,,3,,,3,1,
108,"Cellular immunity",cellular-immunity,,3,,,3,1,
116,"Molecular biology",molecular-biology,,3,,,3,1,
123,"Antigen discovery and immunogen design",antigen-discovery-and-immunogen-design,,3,,,3,1,
84,"Fund raising, venture capital",fund-raising-venture-capital,,3,,,4,1,
96,"Clinical trials - efficacy",clinical-trials-efficacy,,3,,,4,1,
104,"Social sciences",social-sciences,,3,,,4,1,
109,Allergy,allergy,,3,,,4,1,
117,Pharmacovigilance,pharmacovigilance,,3,,,4,1,
124,"Formulation technology",formulation-technology,,3,,,4,1,
85,"Marketing strategies",marketing-strategies,,3,,,5,1,
97,"Clinical trials - safety",clinical-trials-safety,,3,,,5,1,
105,Statistics,statistics,,3,,,5,1,
110,"Correlates of protection-immunomonitoring",correlates-of-protection-immunomonitoring,,3,,,5,1,
118,"Protein biology",protein-biology,,3,,,5,1,
125,"Killed vaccines/bacterins",killed-vaccinesbacterins,,3,,,5,1,
86,"QC test development",qc-test-development,,3,,,6,1,
98,"Field trails",field-trails,,3,,,6,1,
111,"Protective antigens",protective-antigens,,3,,,6,1,
119,"Structural biology",structural-biology,,3,,,6,1,
126,"Mosaic/cross-protective/universal vaccines",mosaiccross-protectiveuniversal-vaccines,,3,,,6,1,
87,"Quality assurance",quality-assurance,,3,,,7,1,
99,"Pre-clinical trails",pre-clinical-trails,,3,,,7,1,
112,"Mucosal vaccines",mucosal-vaccines,,3,,,7,1,
120,"Systems biology",systems-biology,,3,,,7,1,
127,"Plant-expressed vaccines",plant-expressed-vaccines,,3,,,7,1,
88,Patents,patents,,3,,,8,1,
100,"Safety evaluation",safety-evaluation,,3,,,8,1,
113,"Cancer vaccines",cancer-vaccines,,3,,,8,1,
128,"Subunit vaccines",subunit-vaccines,,3,,,8,1,
89,Registration,registration,,3,,,9,1,
129,"Synthetic biology",synthetic-biology,,3,,,9,1,
90,Regulation,regulation,,3,,,10,1,
130,"Vaccine delivery",vaccine-delivery,,3,,,10,1,
91,"Transition from research to manufacture",transition-from-research-to-manufacture,,3,,,11,1,
131,"Vector-borne/transmission-blocking vaccines",vector-bornetransmission-blocking-vaccines,,3,,,11,1,
92,Marketing,marketing,,3,,,12,1,
132,"DNA/RNA vaccines",dnarna-vaccines,,3,,,12,1,
133,"Affiliation: US Government",affiliation-us-government,,4,,,1,1,
134,"Affiliation: State Government",affiliation-state-government,,4,,,2,1,
135,"Affiliation: Industry, Producer",affiliation-industry-producer,,4,,,3,1,
136,"Affiliation: Industry, vaccines",affiliation-industry-vaccines,,4,,,4,1,
137,"Affiliation: Industry, Retail",affiliation-industry-retail,,4,,,5,1,
138,"Affiliation: Veterinary Clinical",affiliation-veterinary-clinical,,4,,,6,1,
139,"Affiliation: Academic Extension",affiliation-academic-extension,,4,,,7,1,
140,"Affiliation: Academic Teaching",affiliation-academic-teaching,,4,,,8,1,
141,"Affiliation: Academic Research",affiliation-academic-research,,4,,,9,1,
142,"Affiliation: FILL_IN",affiliation-fill-in,,4,,,10,1,
143,"Funding: USDA",funding-usda,,5,,,1,1,
144,"Funding: NIH",funding-nih,,5,,,2,1,
145,"Funding: NSF",funding-nsf,,5,,,3,1,
146,"Funding: NPB",funding-npb,,5,,,4,1,
147,"Funding: US Egg&Poultry",funding-us-eggpoultry,,5,,,5,1,
148,"Funding: Internal",funding-internal,,5,,,6,1,
149,"Funding: USAID",funding-usaid,,5,,,7,1,
150,"Funding: Defense",funding-defense,,5,,,8,1,
151,"Funding: DARPA",funding-darpa,,5,,,9,1,
152,"Funding: IVVN",funding-ivvn,,5,,,10,1,
153,"Funding: FILL-IN",funding-fill-in,,5,,,11,1,
